"sc-96aae91e-0 href","sc-96aae91e-0","sc-96aae91e-0 2","sc-96aae91e-0 3"
"https://apify.com/vincario/vincario-vin-decoder-api-services","Vincario VIN Decoder API Services","vincario/vincario-vin-decoder-api-services","Powerful Vincario plugin to extract data from API responses. Download Vincario data as a JSON to enrich your own applications with a powerful vehicle data partner."
"https://apify.com/jupri/apify-store","Apify Store Scraper","jupri/apify-store","Scrape Apify.com Store"
"https://apify.com/mshopik/crown-and-caliber-scraper","Crown Caliber Scraper","mshopik/crown-and-caliber-scraper","Scrape Crown Caliber and extract data on clothing accessories from crownandcaliber.com. Our Crown Caliber API lets you crawl product information and pricing. The saved data can be downloaded as HTML, JSON, CSV, Excel, and XML."
"https://apify.com/dainty_screw/your-go-to-web-scraper-for-all-kinds-of-websites","Your Go-To Web Scraper for All Kinds of Websites","dainty_screw/your-go-to-web-scraper-for-all-kinds-of-websites","Efficiently scrape blog content from various websites with our versatile Apify actor. Simplify your data collection process and access valuable insights easily. Perfect for market research, content curation, and staying ahead in your niche"
"https://apify.com/mshopik/culture-kings-scraper","Culture Kings Scraper","mshopik/culture-kings-scraper","Scrape Culture Kings and extract data on apparel from culturekings.com.au. Our Culture Kings API lets you crawl product information and pricing. The saved data can be downloaded as HTML, JSON, CSV, Excel, and XML."
"https://apify.com/scrapingxpert/redfin-agent-reviews-scraper","Redfin agent reviews scraper","scrapingxpert/redfin-agent-reviews-scraper",""
"https://apify.com/service-paradis/kijiji-crawler","Kijiji Crawler","service-paradis/kijiji-crawler","The Kijiji crawler is a web scraping tool that allows you to extract data from the Kijiji selling platform. With this crawler, you can get information search results and local advertisement details."
"https://apify.com/mshopik/g-fuel-scraper","FUEL Scraper","mshopik/g-fuel-scraper","Scrape FUEL and extract data on soft drinks from gfuel.com. Our FUEL API lets you crawl product information and pricing. The saved data can be downloaded as HTML, JSON, CSV, Excel, and XML."
"https://apify.com/canadesk/zoho","Zoho Help Center","canadesk/zoho","Get Categories and Articles from a Zoho Desk Help Center. It's fast and costs little."
"https://apify.com/jupri/trivago-scraper","Trivago Scraper ðŸš§","jupri/trivago-scraper","Scrape Trivago.com Accomodations"
"https://apify.com/lukaskrivka/google-search-live","Google Search Scraper For Live App","lukaskrivka/google-search-live","A simple version of Google Search Scraper optimized for fast response time. Don't use it unless you really need a sub-5-second response because it is less flexible and reliable."
"https://apify.com/web.harvester/gab-search-scraper","Gab Search Scraper","web.harvester/gab-search-scraper","Scrape search results and accounts and groups' info as well as the posts and comments of accounts and groups from Gab's website. Download your data in any format (JSON, CSV, XML, RSS, HTML Table). Seamless integration with apps, reports, and databases."
"https://apify.com/eneiromatos/ultimate-aldi-scraper","Ultimate ALDI Scraper","eneiromatos/ultimate-aldi-scraper","This is the ultimate web scraping and tool for extracting the most relevant data points from products on new.aldi.us! Developed by an expert software developer, this powerful scraper is a fast and reliable tool for all your web scraping needs."
"https://apify.com/glitch_404/ultimate-news-scraper","Ultimate News API","glitch_404/Ultimate-News-Scraper","You Can Now Scrape Over 400+ Website's Daily Fresh News
Scrape over 200 Daily Fresh Articles from the most Famouse News Agencies in the world
The NewYork Times, TheWashington Post, CNN, Los Angeles Times, Reuters, USA Today, BBC and a lot More

From Now on You Have Unlimited Fresh News and Data"
"https://apify.com/mtrunkat/24-hour-stats","24 Hour Stats","mtrunkat/24-hour-stats","This act can be used as synchronous API. Returns a JSON containing actor runs finished in the last 24 hours along with information about their default datasets and request queues. Actors might be filtered via input array ""actIds""."
"https://apify.com/mshopik/leons-scraper","Leon's Scraper","mshopik/leons-scraper","Scrape Leon's and extract data on home furnishings from leons.ca. Our Leon's API lets you crawl product information and pricing. The saved data can be downloaded as HTML, JSON, CSV, Excel, and XML."
"https://apify.com/saswave/linkedin-who-viewed-my-profile-free","Linkedin Who Viewed My Profile [Free Account]","saswave/linkedin-who-viewed-my-profile-free","Allows you to extract data about who viewed your linkedin profile (up to 90 days and after)."
"https://apify.com/mshopik/wigscom-scraper","Wigs.com Scraper","mshopik/wigscom-scraper","Scrape Wigs.com and extract data on hair care from wigs.com. Our Wigs.com API lets you crawl product information and pricing. The saved data can be downloaded as HTML, JSON, CSV, Excel, and XML."
"https://apify.com/dainty_screw/expedia-hotel-collector---store-and-analyze-data","Expedia Hotel Data Aggregator - Organize and Examine Insights","dainty_screw/expedia-hotel-collector---store-and-analyze-data","Effortlessly gather and store key details of Expedia hotels, including names, ratings, and prices. Use our tool for competitive analysis and strategic planning in the hospitality sector."
"https://apify.com/pintostudio/espn-nba-news","ESPN Nba News","pintostudio/espn-nba-news","This actor retrieves all the latest nba news."
"https://apify.com/mshopik/pat-mcgrath-labs-scraper","PAT McGRATH LABS Scraper","mshopik/pat-mcgrath-labs-scraper","Scrape PAT McGRATH LABS and extract data on make-up and cosmetics from patmcgrath.com. Our PAT McGRATH LABS API lets you crawl product information and pricing. The saved data can be downloaded as HTML, JSON, CSV, Excel, and XML."
"https://apify.com/apricot_ybeare/get-email-health-status","Get Email Health Status","apricot_ybeare/get-email-health-status","Gets email health status using mxtoolbox (https://mxtoolbox.com/emailhealth)"
"https://apify.com/medicare_tools/medicarecenter-data-extractor","MedicareLINK (Sunfire) to csv","medicare_tools/medicarecenter-data-extractor","Extract your enrollments in MedicareLINK (Sunfire) into a csv file."
"https://apify.com/jirimoravcik/julia-actor-example","Actor in Julia example","jirimoravcik/julia-actor-example","Example actor written in Julia."
"https://apify.com/azzouzana/bienici-com-search-pages-scraper","bienici.com search pages scraper","azzouzana/bienici-com-search-pages-scraper","ðŸ‘‰ Fast, cheap & resilient ðŸ‘Œ Bring your search url & you're good to go ðŸš€
ðŸ‘‰ Export your results to json, excel, csv & many others formats."
"https://apify.com/aymorato/eventbrite-scraper","EventBrite Scraper","aymorato/eventbrite-scraper","Easily extract event details from Eventbrite.com, such as event titles, images, descriptions, and more."
"https://apify.com/lukass/covid-est","Coronavirus stats in Estonia","lukass/covid-est","Gets an actual number of examined and infected people by COVID-19 in Estonia from https://www.terviseamet.ee/en/covid19."
"https://apify.com/vdusek/scrapy-books-example","Scrapy Books Example","vdusek/scrapy-books-example","Example of Python Scrapy project. It scrapes book data from https://books.toscrape.com/."
"https://apify.com/mshopik/couture-candy-scraper","Couture Candy Scraper","mshopik/couture-candy-scraper","Scrape Couture Candy and extract data on women's clothing from couturecandy.com. Our Couture Candy API lets you crawl product information and pricing. The saved data can be downloaded as HTML, JSON, CSV, Excel, and XML."
"https://apify.com/mshopik/vanquish-fitness-scraper","Vanquish Fitness Scraper","mshopik/vanquish-fitness-scraper","Scrape Vanquish Fitness and extract data on athletic apparel from vqfit.com. Our Vanquish Fitness API lets you crawl product information and pricing. The saved data can be downloaded as HTML, JSON, CSV, Excel, and XML."
"https://apify.com/fjvs0283/actor-batch-builder","Actor Build Starter","fjvs0283/actor-batch-builder","Run builds for multiple actors in your account simultaneously. This can be useful when many actors in a given project have been updated. For example, the documentation might have been updated in 50 actors. This tool will help you trigger actor builds for all 50 at once."
"https://apify.com/aaron/dropbox-upload-actor","Dropbox Upload Actor","aaron/dropbox-upload-actor","Streams file from URL to a dropbox account."
"https://apify.com/mshopik/kick-game-scraper","Kick Game Scraper","mshopik/kick-game-scraper","Scrape Kick Game and extract data on footwear from kickgame.co.uk. Our Kick Game API lets you crawl product information and pricing. The saved data can be downloaded as HTML, JSON, CSV, Excel, and XML."
"https://apify.com/valek.josef/utils-pipe","Utils/Pipe","valek.josef/utils-pipe",""
"https://apify.com/mshopik/campmor-scraper","Campmor Scraper","mshopik/campmor-scraper","Scrape Campmor and extract data on hiking and camping from campmor.com. Our Campmor API lets you crawl product information and pricing. The saved data can be downloaded as HTML, JSON, CSV, Excel, and XML."
"https://apify.com/mshopik/the-couture-club-scraper","The Couture Club Scraper","mshopik/the-couture-club-scraper","Scrape The Couture Club and extract data on women's clothing from thecoutureclub.com. Our The Couture Club API lets you crawl product information and pricing. The saved data can be downloaded as HTML, JSON, CSV, Excel, and XML."
"https://apify.com/mshopik/wholesome-culture-scraper","Wholesome Culture Scraper","mshopik/wholesome-culture-scraper","Scrape Wholesome Culture and extract data on apparel from wholesomeculture.com. Our Wholesome Culture API lets you crawl product information and pricing. The saved data can be downloaded as HTML, JSON, CSV, Excel, and XML."
"https://apify.com/mshopik/zippocom-scraper","Zippo.com Scraper","mshopik/zippocom-scraper","Scrape Zippo.com and extract data on tobacco from zippo.com. Our Zippo.com API lets you crawl product information and pricing. The saved data can be downloaded as HTML, JSON, CSV, Excel, and XML."
"https://apify.com/canadesk/partnerbase","Partnerbase","canadesk/partnerbase","Research new opportunities in your ecosystem with the world's largest database of partnerships! It's fast and costs little."
"https://apify.com/powerful_bachelor/facebook-reviews-scraper","Facebook Reviews Scraper","powerful_bachelor/Facebook-Reviews-Scraper","Facebook Reviews Scraper is a powerful tool for extracting detailed customer feedback from Facebook pages. It enables users to analyze ratings, review content, and trends for brand reputation management and market research, exporting data in various formats."
"https://apify.com/kuaima/douban-book-pro","douban book pro","kuaima/douban-book-pro","An actor to get data from douban book site with more useful information. For simple usage, please check the free one https://apify.com/kuaima/douban."
"https://apify.com/mshopik/france-and-son-scraper","France Son Scraper","mshopik/france-and-son-scraper","Scrape France Son and extract data on home furnishings from franceandson.com. Our France Son API lets you crawl product information and pricing. The saved data can be downloaded as HTML, JSON, CSV, Excel, and XML."
"https://apify.com/aymorato/fast-linkedin-ad-library-scraper-pay-per-result","Fast LinkedIn Ad Library Scraper (pay per result)","aymorato/fast-linkedin-ad-library-scraper-pay-per-result","Easily Scrape LinkedIn's Unlimited Scroll Ad Library without the Need for Proxies."
"https://apify.com/mshopik/teabox-scraper","Teabox Scraper","mshopik/teabox-scraper","Scrape Teabox and extract data on coffee and tea from teabox.com. Our Teabox API lets you crawl product information and pricing. The saved data can be downloaded as HTML, JSON, CSV, Excel, and XML."
"https://apify.com/mshopik/shoe-city-scraper","Shoe City Scraper","mshopik/shoe-city-scraper","Scrape Shoe City and extract data on footwear from shoecity.com. Our Shoe City API lets you crawl product information and pricing. The saved data can be downloaded as HTML, JSON, CSV, Excel, and XML."
"https://apify.com/maria.f/news-au-scraper","News AU Scraper","maria.f/news-au-scraper","Scrape news data from news.com.au with this unofficial API. Extract articles, monitor their popularity and performance and automate the fight against fake news. Filter the results by authors, topics, categories, or publication dates. Preview or download the results in your preferred format."
"https://apify.com/travelspider/flights-scraper","Flights Scraper","travelspider/flights-scraper","Automated actor for scraping flight options, providing JSON data for seamless integration into travel planning tools. Streamline your flight search process and save time with accurate, up-to-date information."
"https://apify.com/saswave/crunchbase-session-cookies","Crunchbase Session Cookies","saswave/crunchbase-session-cookies","With login password, get your session cookies.
Before each run, we test previous session cookies generated from last run. If still valid, they are returned, else we generate new cookies"
"https://apify.com/mshopik/the-brick-scraper","The Brick Scraper","mshopik/the-brick-scraper","Scrape The Brick and extract data on home furnishings from thebrick.com. Our The Brick API lets you crawl product information and pricing. The saved data can be downloaded as HTML, JSON, CSV, Excel, and XML."
"https://apify.com/mnmkng/rebuilder","Rebuilder","mnmkng/rebuilder","Rebuild your actors easily with a simple regular expression. This actor will fetch all your existing actors and match their names. Those that pass will be rebuilt. Schedule this for maximum effectiveness. It can also rebuild itself!"
"https://apify.com/mvolfik/yet-another-dataset-translator","Yet Another Dataset Translator","mvolfik/yet-another-dataset-translator","Actor to translate datasets with field selection and source language detection. Requires Google Translate API Key."
"https://apify.com/mshopik/machines-online-store-scraper","Machines Online Store Scraper","mshopik/machines-online-store-scraper","Scrape Machines Online Store and extract data on consumer electronics from machines.com.my. Our Machines Online Store API lets you crawl product information and pricing. The saved data can be downloaded as HTML, JSON, CSV, Excel, and XML."
"https://apify.com/mshopik/wwwmaryruthorganicscom-scraper","www.maryruthorganics.com Scraper","mshopik/wwwmaryruthorganicscom-scraper","Scrape www.maryruthorganics.com and extract data on vitamins and supplements from maryruthorganics.com. Our www.maryruthorganics.com API lets you crawl product information and pricing. The saved data can be downloaded as HTML, JSON, CSV, Excel, and XML."
"https://apify.com/mshopik/shop-shashi-scraper","SHOP SHASHI Scraper","mshopik/shop-shashi-scraper","Scrape SHOP SHASHI and extract data on clothing accessories from shopshashi.com. Our SHOP SHASHI API lets you crawl product information and pricing. The saved data can be downloaded as HTML, JSON, CSV, Excel, and XML."
"https://apify.com/mshopik/outerknown-scraper","Outerknown Scraper","mshopik/outerknown-scraper","Scrape Outerknown and extract data on apparel from outerknown.com. Our Outerknown API lets you crawl product information and pricing. The saved data can be downloaded as HTML, JSON, CSV, Excel, and XML."
"https://apify.com/focused_berimbau/oxford-english-dictionary","Oxford English Dictionary","focused_berimbau/oxford-english-dictionary","Scrape words, definitions, part of speech, percentage_popularity from the Oxford English Dictionary"
"https://apify.com/canadesk/spell-checker","Spell Checker","canadesk/spell-checker","A spell checker (grammar, typos, unknown words...) that supports many languages. It's fast and costs little."
"https://apify.com/mshopik/blissy-scraper","Blissy Scraper","mshopik/blissy-scraper","Scrape Blissy and extract data on bed and bath from blissy.com. Our Blissy API lets you crawl product information and pricing. The saved data can be downloaded as HTML, JSON, CSV, Excel, and XML."
"https://apify.com/puce_monitor/tiktok-uploader-v1","TIKTOK UPLOADER IS HERE","puce_monitor/tiktok-uploader-v1","Hi ! Please always read ""README"" on ""INFORMATION TAB"" /// You just seeing a lot of TIKTOK AUTOMATION is just for CRAWLER.. Im here to help you out to UPLOAD on tiktok using this automation"
"https://apify.com/mshopik/solestage-scraper","Solestage Solestage Scraper","mshopik/solestage-scraper","Scrape Solestage Solestage and extract data on footwear from solestage.com. Our Solestage Solestage API lets you crawl product information and pricing. The saved data can be downloaded as HTML, JSON, CSV, Excel, and XML."
"https://apify.com/mshopik/coconut-lane-scraper","Coconut Lane Scraper","mshopik/coconut-lane-scraper","Scrape Coconut Lane and extract data on  from coconut-lane.com. Our Coconut Lane API lets you crawl product information and pricing. The saved data can be downloaded as HTML, JSON, CSV, Excel, and XML."
"https://apify.com/zuzka/ctv-news-scraper","CTV News Scraper","zuzka/ctv-news-scraper","Scrape news data from ctvnews.ca with this unofficial API. Extract articles, monitor their popularity and performance and automate the fight against fake news. Filter the results by authors, topics, categories, or publication dates. Preview or download the results in your preferred format."
"https://apify.com/mscraper/ollies-store-location-scraper","Ollies Store Location Scraper","mscraper/ollies-store-location-scraper","Extract the location of stores from America's largest closeout retailer. Input your zip code, city or zip code and scrape the location, address, opening hours, and distance of the closest Ollie's stores. Export this data in Excel, HTML, or JSON."
"https://apify.com/mshopik/killstar-uk-scraper","KILLSTAR UK Store Scraper","mshopik/killstar-uk-scraper","Scrape KILLSTAR UK Store and extract data on apparel from killstar.com. Our KILLSTAR UK Store API lets you crawl product information and pricing. The saved data can be downloaded as HTML, JSON, CSV, Excel, and XML."
"https://apify.com/mshopik/omaze-scraper","Omaze Scraper","mshopik/omaze-scraper","Scrape Omaze and extract data on  from omaze.com. Our Omaze API lets you crawl product information and pricing. The saved data can be downloaded as HTML, JSON, CSV, Excel, and XML."
"https://apify.com/mshopik/the-flex-company-scraper","The Flex Company Scraper","mshopik/the-flex-company-scraper","Scrape The Flex Company and extract data on hygiene and toiletries from flexfits.com. Our The Flex Company API lets you crawl product information and pricing. The saved data can be downloaded as HTML, JSON, CSV, Excel, and XML."
"https://apify.com/mshopik/unif-scraper","UNIF Scraper","mshopik/unif-scraper","Scrape UNIF and extract data on footwear from unifclothing.com. Our UNIF API lets you crawl product information and pricing. The saved data can be downloaded as HTML, JSON, CSV, Excel, and XML."
"https://apify.com/mtrunkat/actor-task-copier","Actor Task Copier","mtrunkat/actor-task-copier","Copies actor tasks between accounts from one actor to another."
"https://apify.com/mshopik/the-happy-planner-scraper","The Happy Planner Scraper","mshopik/the-happy-planner-scraper","Scrape The Happy Planner and extract data on arts and crafts from thehappyplanner.com. Our The Happy Planner API lets you crawl product information and pricing. The saved data can be downloaded as HTML, JSON, CSV, Excel, and XML."
"https://apify.com/medicare_tools/sma-sunfire-to-csv","SMA Sunfire to csv","medicare_tools/sma-sunfire-to-csv","Extract your enrollments in SMA's Sunfire (aka Medicare Plan Finder) into a csv file."
"https://apify.com/mshopik/olly-public-benefit-corporation-scraper","OLLY Public Benefit Scraper","mshopik/olly-public-benefit-corporation-scraper","Scrape OLLY Public Benefit and extract data on  from olly.com. Our OLLY Public Benefit API lets you crawl product information and pricing. The saved data can be downloaded as HTML, JSON, CSV, Excel, and XML."
"https://apify.com/mshopik/succulents-box-scraper","Succulents Box Scraper","mshopik/succulents-box-scraper","Scrape Succulents Box and extract data on gardening and landscaping from succulentsbox.com. Our Succulents Box API lets you crawl product information and pricing. The saved data can be downloaded as HTML, JSON, CSV, Excel, and XML."
"https://apify.com/mshopik/design-public-scraper","Design Public Scraper","mshopik/design-public-scraper","Scrape Design Public and extract data on home furnishings from designpublic.com. Our Design Public API lets you crawl product information and pricing. The saved data can be downloaded as HTML, JSON, CSV, Excel, and XML."
"https://apify.com/mshopik/mikes-bikes-scraper","Mike's Bikes Scraper","mshopik/mikes-bikes-scraper","Scrape Mike's Bikes and extract data on cycling from mikesbikes.com. Our Mike's Bikes API lets you crawl product information and pricing. The saved data can be downloaded as HTML, JSON, CSV, Excel, and XML."
"https://apify.com/canadesk/canny","Canny","canadesk/canny","Get Boards, Roadmaps and Feature requests from any public Canny instance. It's fast and costs little."
"https://apify.com/dhrumil/propertylink-estatesgazette-scraper","Propertylink Estatesgazette Scraper","dhrumil/propertylink-estatesgazette-scraper","Scrape propertylink.estatesgazette.com to crawl millions of sale/rent real estate properties from United Kingdom. Our real estate scraper also lets you monitor specific listing for new updates/listing. You can provide multiple search result listings to scrape/monitor."
"https://apify.com/bumble/argos","Argos Product Scraper","bumble/argos","Use this Argos scraper to collect data based on URL from the Argos website. Extract product information including prices, descriptions, and Argos Product ID. Download data in various structured formats."
"https://apify.com/serhattsnmz/website-status-monitoring","Website Status Monitoring","serhattsnmz/website-status-monitoring","Monitor your websites and get notifications when they are down."
"https://apify.com/saswave/instagram-discovery-reels-scraper","Instagram Discovery Reels Scraper","saswave/instagram-discovery-reels-scraper","Generate a list of reels from the discovery ""For you"" / ""Following"" page.
Access their data: caption, likes, comments, location, date, instagram id, facebook id, music information
Helps you scale analytics"
"https://apify.com/mshopik/knockaround-scraper","Knockaround Scraper","mshopik/knockaround-scraper","Scrape Knockaround and extract data on eyewear from knockaround.com. Our Knockaround API lets you crawl product information and pricing. The saved data can be downloaded as HTML, JSON, CSV, Excel, and XML."
"https://apify.com/canadesk/apple-app-store-plus","Apple App Store Plus","canadesk/apple-app-store-plus","No limits. Get details and reviews for a specific app, search by keyword or developer, retrieve top rankings, assess permissions and more!"
"https://apify.com/mshopik/olive-piper-scraper","Olive Piper Scraper","mshopik/olive-piper-scraper","Scrape Olive Piper and extract data on clothing accessories from oliveandpiper.com. Our Olive Piper API lets you crawl product information and pricing. The saved data can be downloaded as HTML, JSON, CSV, Excel, and XML."
"https://apify.com/mshopik/the-chivery-scraper","The Chivery Scraper","mshopik/the-chivery-scraper","Scrape The Chivery and extract data on casual apparel from thechivery.com. Our The Chivery API lets you crawl product information and pricing. The saved data can be downloaded as HTML, JSON, CSV, Excel, and XML."
"https://apify.com/mshopik/sengled-usa-scraper","Sengled USA Scraper","mshopik/sengled-usa-scraper","Scrape Sengled USA and extract data on lamps and lighting from us.sengled.com. Our Sengled USA API lets you crawl product information and pricing. The saved data can be downloaded as HTML, JSON, CSV, Excel, and XML."
"https://apify.com/mshopik/asrv-scraper","ASRV Scraper","mshopik/asrv-scraper","Scrape ASRV and extract data on athletic apparel from asrv.co. Our ASRV API lets you crawl product information and pricing. The saved data can be downloaded as HTML, JSON, CSV, Excel, and XML."
"https://apify.com/lukass/cbs-local-scraper","CBS Local Scraper","lukass/cbs-local-scraper","Scrape news data from cbslocal.com with this unofficial API. Extract articles, monitor their popularity and performance and automate the fight against fake news. Filter the results by authors, topics, categories, or publication dates. Preview or download the results in your preferred format."
"https://apify.com/mshopik/astr-the-label-scraper","ASTR The Label Scraper","mshopik/astr-the-label-scraper","Scrape ASTR The Label and extract data on apparel from astrthelabel.com. Our ASTR The Label API lets you crawl product information and pricing. The saved data can be downloaded as HTML, JSON, CSV, Excel, and XML."
"https://apify.com/mshopik/vici-scraper","VICI Scraper","mshopik/vici-scraper","Scrape VICI and extract data on  from vicicollection.com. Our VICI API lets you crawl product information and pricing. The saved data can be downloaded as HTML, JSON, CSV, Excel, and XML."
"https://apify.com/mshopik/august-home-scraper","August Home Scraper","mshopik/august-home-scraper","Scrape August Home and extract data on home and garden from august.com. Our August Home API lets you crawl product information and pricing. The saved data can be downloaded as HTML, JSON, CSV, Excel, and XML."
"https://apify.com/jupri/flexjobs-scraper","FlexJobs Scraper","jupri/flexjobs-scraper","Scrape Flexjobs.com"
"https://apify.com/mshopik/sugar-and-cotton-scraper","Sugar Cotton Scraper","mshopik/sugar-and-cotton-scraper","Scrape Sugar Cotton and extract data on clothing accessories from sugarandcotton.com. Our Sugar Cotton API lets you crawl product information and pricing. The saved data can be downloaded as HTML, JSON, CSV, Excel, and XML."
"https://apify.com/mshopik/beachsissi-scraper","Beachsissi beachsissi Scraper","mshopik/beachsissi-scraper","Scrape Beachsissi beachsissi and extract data on swimwear from beachsissi.com. Our Beachsissi beachsissi API lets you crawl product information and pricing. The saved data can be downloaded as HTML, JSON, CSV, Excel, and XML."
"https://apify.com/dainty_screw/find-broken-links-of-your-website","Broken Link Checker - Ensure Your Website's Integrity","dainty_screw/find-broken-links-of-your-website","Maintain your website's health and user experience with our Broken Link Checker. Easily identify and fix broken links to enhance your site's navigation, improve SEO, and keep visitors engaged."
"https://apify.com/mshopik/jaded-london-scraper","Jaded London Scraper","mshopik/jaded-london-scraper","Scrape Jaded London and extract data on apparel from jadedldn.com. Our Jaded London API lets you crawl product information and pricing. The saved data can be downloaded as HTML, JSON, CSV, Excel, and XML."
"https://apify.com/gallopdataagency/horseauction-extractor","HorseAuction_Extractor","gallopdataagency/horseauction-extractor","This actor extracts data for Horse Auctions from a Data website."
"https://apify.com/mshopik/brave-new-look-scraper","Brave New Look Scraper","mshopik/brave-new-look-scraper","Scrape Brave New Look and extract data on clothing accessories from bravenewlook.com. Our Brave New Look API lets you crawl product information and pricing. The saved data can be downloaded as HTML, JSON, CSV, Excel, and XML."
"https://apify.com/lukaskrivka/print-env-vars","Print env vars","lukaskrivka/print-env-vars","Prints both raw and parsed environment variables provided to each actor run. Stores them to dataset, KV Store and log for easy analysis."
"https://apify.com/mshopik/untuckit-scraper","UNTUCKit Scraper","mshopik/untuckit-scraper","Scrape UNTUCKit and extract data on men's clothing from untuckit.com. Our UNTUCKit API lets you crawl product information and pricing. The saved data can be downloaded as HTML, JSON, CSV, Excel, and XML."
"https://apify.com/mshopik/snow-peak-scraper","Snow Peak Scraper","mshopik/snow-peak-scraper","Scrape Snow Peak and extract data on recreation from snowpeak.com. Our Snow Peak API lets you crawl product information and pricing. The saved data can be downloaded as HTML, JSON, CSV, Excel, and XML."
"https://apify.com/mshopik/charming-charlie-scraper","Charming Charlie Scraper","mshopik/charming-charlie-scraper","Scrape Charming Charlie and extract data on children's clothing from charmingcharlie.com. Our Charming Charlie API lets you crawl product information and pricing. The saved data can be downloaded as HTML, JSON, CSV, Excel, and XML."
"https://apify.com/mshopik/sabo-skirt-scraper","SABO SKIRT Scraper","mshopik/sabo-skirt-scraper","Scrape SABO SKIRT and extract data on women's clothing from saboskirt.com. Our SABO SKIRT API lets you crawl product information and pricing. The saved data can be downloaded as HTML, JSON, CSV, Excel, and XML."
"https://apify.com/mshopik/urban-industry-scraper","Urban Industry Scraper","mshopik/urban-industry-scraper","Scrape Urban Industry and extract data on casual apparel from urbanindustry.co.uk. Our Urban Industry API lets you crawl product information and pricing. The saved data can be downloaded as HTML, JSON, CSV, Excel, and XML."
"https://apify.com/mshopik/blenders-eyewear-scraper","Blenders Eyewear Scraper","mshopik/blenders-eyewear-scraper","Scrape Blenders Eyewear and extract data on eyewear from blenderseyewear.com. Our Blenders Eyewear API lets you crawl product information and pricing. The saved data can be downloaded as HTML, JSON, CSV, Excel, and XML."
"https://apify.com/mshopik/my-childhood-treasures-scraper","My Childhood Treasures Scraper","mshopik/my-childhood-treasures-scraper","Scrape My Childhood Treasures and extract data on fiber and textile arts from treasurie.com. Our My Childhood Treasures API lets you crawl product information and pricing. The saved data can be downloaded as HTML, JSON, CSV, Excel, and XML."
"https://apify.com/mshopik/stio-scraper","Stio Scraper","mshopik/stio-scraper","Scrape Stio and extract data on apparel from stio.com. Our Stio API lets you crawl product information and pricing. The saved data can be downloaded as HTML, JSON, CSV, Excel, and XML."
"https://apify.com/mshopik/undefeated-scraper","Undefeated Scraper","mshopik/undefeated-scraper","Scrape Undefeated and extract data on footwear from undefeated.com. Our Undefeated API lets you crawl product information and pricing. The saved data can be downloaded as HTML, JSON, CSV, Excel, and XML."
"https://apify.com/mshopik/royal-design-studio-stencils-scraper","Royal Design Studio Stencils Scraper","mshopik/royal-design-studio-stencils-scraper","Scrape Royal Design Studio Stencils and extract data on home and interior decor from royaldesignstudio.com. Our Royal Design Studio Stencils API lets you crawl product information and pricing. The saved data can be downloaded as HTML, JSON, CSV, Excel, and XML."
"https://apify.com/mshopik/paynes-gray-scraper","Paynes Gray Scraper","mshopik/paynes-gray-scraper","Scrape Paynes Gray and extract data on home and interior decor from paynesgray.com. Our Paynes Gray API lets you crawl product information and pricing. The saved data can be downloaded as HTML, JSON, CSV, Excel, and XML."
"https://apify.com/novi/multiple-tiktok-hashtag-api","Multiple Tiktok Hashtag API","novi/multiple-tiktok-hashtag-api","Multiple Tiktok Hashtag API. Allow getting multiple hashtags. Customized for customer."
"https://apify.com/mshopik/american-giant-scraper","American Giant Scraper","mshopik/american-giant-scraper","Scrape American Giant and extract data on apparel from american-giant.com. Our American Giant API lets you crawl product information and pricing. The saved data can be downloaded as HTML, JSON, CSV, Excel, and XML."
"https://apify.com/memo23/cicek-apify","Cicek Apify","memo23/cicek-apify","The Ã‡iÃ§ekSepeti Scraper extracts product data from given URLs, with adjustable page limits, ideal for market research and data analysis."
"https://apify.com/mosaic/compass-scraper","Compass Scraper","mosaic/compass-scraper","Extract data about properties for sale on Compass using the Compass API, but with no daily call limits. Scrape millions of listings and download your data as HTML, JSON, CSV, Excel, XML. Export scraped data, run the scraper via API, schedule and monitor runs, or integrate with other tools."
"https://apify.com/mshopik/fertilizer-grow-organic-scraper","Organic Fertilizerâ€“ Grow Scraper","mshopik/fertilizer-grow-organic-scraper","Scrape Organic Fertilizerâ€“ Grow and extract data on gardening and landscaping from groworganic.com. Our Organic Fertilizerâ€“ Grow API lets you crawl product information and pricing. The saved data can be downloaded as HTML, JSON, CSV, Excel, and XML."
"https://apify.com/mshopik/bohme-scraper","bÃ¶hme Scraper","mshopik/bohme-scraper","Scrape bÃ¶hme and extract data on clothing accessories from bohme.com. Our bÃ¶hme API lets you crawl product information and pricing. The saved data can be downloaded as HTML, JSON, CSV, Excel, and XML."
"https://apify.com/jupri/homesnap","Homenap Scraper","jupri/homesnap","Scrape property data from Homesnap.com"
"https://apify.com/mshopik/limelightpk-welcome-scraper","Limelightpk Welcome Scraper","mshopik/limelightpk-welcome-scraper","Scrape Limelightpk Welcome and extract data on apparel from limelight.pk. Our Limelightpk Welcome API lets you crawl product information and pricing. The saved data can be downloaded as HTML, JSON, CSV, Excel, and XML."
"https://apify.com/mshopik/naiise-scraper","Naiise Scraper","mshopik/naiise-scraper","Scrape Naiise and extract data on design from naiise.com. Our Naiise API lets you crawl product information and pricing. The saved data can be downloaded as HTML, JSON, CSV, Excel, and XML."
"https://apify.com/jackwenyoung/boohoo-category-scraper","Boohoo Category Scraper","jackwenyoung/boohoo-category-scraper","It scrapes product details and image urls on boohoo.com based on its categories."
"https://apify.com/mshopik/wwwarcherandolivecom-scraper","www.archerandolive.com Scraper","mshopik/wwwarcherandolivecom-scraper","Scrape www.archerandolive.com and extract data on notebooks and planners from archerandolive.com. Our www.archerandolive.com API lets you crawl product information and pricing. The saved data can be downloaded as HTML, JSON, CSV, Excel, and XML."
"https://apify.com/perci/gateway-pundit-scraper","Gateway Pundit Scraper","perci/gateway-pundit-scraper","Scrape news data from thegatewaypundit.com with this unofficial API. Extract articles, monitor their popularity and performance and automate the fight against fake news. Filter the results by authors, topics, categories, or publication dates. Preview or download the results in your preferred format."
"https://apify.com/mshopik/the-music-zoo-scraper","The Music Zoo Scraper","mshopik/the-music-zoo-scraper","Scrape The Music Zoo and extract data on music equipment and technology from themusiczoo.com. Our The Music Zoo API lets you crawl product information and pricing. The saved data can be downloaded as HTML, JSON, CSV, Excel, and XML."
"https://apify.com/mshopik/banza-scraper","Banza Scraper","mshopik/banza-scraper","Scrape Banza and extract data on food from eatbanza.com. Our Banza API lets you crawl product information and pricing. The saved data can be downloaded as HTML, JSON, CSV, Excel, and XML."
"https://apify.com/mshopik/only-natural-pet-scraper","Only Natural Pet Scraper","mshopik/only-natural-pet-scraper","Scrape Only Natural Pet and extract data on pet food and supplies from onlynaturalpet.com. Our Only Natural Pet API lets you crawl product information and pricing. The saved data can be downloaded as HTML, JSON, CSV, Excel, and XML."
"https://apify.com/mshopik/ec-scraper","EC Scraper","mshopik/ec-scraper","Scrape EC and extract data on food from jayagrocer.com. Our EC API lets you crawl product information and pricing. The saved data can be downloaded as HTML, JSON, CSV, Excel, and XML."
"https://apify.com/mshopik/biotrust-scraper","BioTRUST Scraper","mshopik/biotrust-scraper","Scrape BioTRUST and extract data on vitamins and supplements from biotrust.com. Our BioTRUST API lets you crawl product information and pricing. The saved data can be downloaded as HTML, JSON, CSV, Excel, and XML."
"https://apify.com/merry_arctic/trader-joes-scraper","Trader Joe's Scraper","merry_arctic/trader-joes-scraper","Scrapes for available products at a specified Trader Joe's store. Includes, price, SKU, product url, product name, and associated tags."
"https://apify.com/useful-tools/actor-builder","Actor Builder","useful-tools/actor-builder","Simple Actor which allows to create another Actors build. Used mostly for integration purposes."
"https://apify.com/thangdx.dev/gio-nguyen-scraper","GiÃ³ Nguyá»…n Scraper","thangdx.dev/gio-nguyen-scraper","www.dinotoys.nl"
"https://apify.com/kuaima/bilibili","Bilibili Homepage Scraper","kuaima/bilibili","This scraper can help you to get list and detail data from home https://www.bilibili.com."
"https://apify.com/mshopik/neighborhood-scraper","NEIGHBORHOOD Scraper","mshopik/neighborhood-scraper","Scrape NEIGHBORHOOD and extract data on apparel from neighborhood.jp. Our NEIGHBORHOOD API lets you crawl product information and pricing. The saved data can be downloaded as HTML, JSON, CSV, Excel, and XML."
"https://apify.com/aymorato/fast-linkedin-ad-library-scraper","Fast LinkedIn Ad Library Scraper","aymorato/fast-linkedin-ad-library-scraper","Easily Scrape LinkedIn's Unlimited Scroll Ad Library without the Need for Proxies."
"https://apify.com/canadesk/builtfirst","Builtfirst","canadesk/builtfirst","Get Software deals from any Builtfirst instance. It's fast and costs little!"
"https://apify.com/dainty_screw/web-scraping-advanced","web scraping advanced","dainty_screw/web-scraping-advanced","web scraping  advanced"
"https://apify.com/crawlr/snowflake-marketplace","Snowflake Marketplace Scraper","crawlr/snowflake-marketplace","Advanced Snowflake Marketplace Scraper built with TypeScript, leveraging Crawlee and Cheerio to efficiently extract and compile comprehensive data product listings from the Snowflake Marketplace for data-driven insights and analytics."
"https://apify.com/mshopik/osear-malibu-scraper","OSEAÂ® Malibu Scraper","mshopik/osear-malibu-scraper","Scrape OSEAÂ® Malibu and extract data on face and body care from oseamalibu.com. Our OSEAÂ® Malibu API lets you crawl product information and pricing. The saved data can be downloaded as HTML, JSON, CSV, Excel, and XML."
"https://apify.com/canadesk/candor","Candor","canadesk/candor","Get Offers, Salary and RSU Data from Candor.co! It's fast and costs little."
"https://apify.com/dainty_screw/seo-audit-tool-pro","Pro SEO Audit Tool - Optimize Your Website for Search Engines","dainty_screw/seo-audit-tool-pro","Elevate your website's search engine ranking with our SEO Audit Tool Pro. Conduct comprehensive SEO audits to identify broken links, missing images, and potential page enhancements. Unlock insights for optimal website performance and visibility."
"https://apify.com/canadesk/ccc-amazon","Amazon (CCC Edition)","canadesk/ccc-amazon","Get Product details and price history from Amazon! It's fast and costs little."
"https://apify.com/mshopik/northern-brewer-scraper","Northern Brewer Scraper","mshopik/northern-brewer-scraper","Scrape Northern Brewer and extract data on alcoholic beverages from northernbrewer.com. Our Northern Brewer API lets you crawl product information and pricing. The saved data can be downloaded as HTML, JSON, CSV, Excel, and XML."
"https://apify.com/mshopik/1st-phorm-scraper","1st Phorm Scraper","mshopik/1st-phorm-scraper","Scrape 1st Phorm and extract data on vitamins and supplements from 1stphorm.com. Our 1st Phorm API lets you crawl product information and pricing. The saved data can be downloaded as HTML, JSON, CSV, Excel, and XML."
"https://apify.com/mshopik/republic-wireless-scraper","Republic Wireless Scraper","mshopik/republic-wireless-scraper","Scrape Republic Wireless and extract data on mobile and wireless from republicwireless.com. Our Republic Wireless API lets you crawl product information and pricing. The saved data can be downloaded as HTML, JSON, CSV, Excel, and XML."
"https://apify.com/memo23/facebook-page-contact-detail-scraper","Facebook Page Contact Detail Scraper","memo23/facebook-page-contact-detail-scraper","Get Facebook pages addresses, category, email, mobile, likes, website, ratings, hours open,  check-ins, and phone information and social platform links"
"https://apify.com/zuzka/t-online-scraper","T-online Scraper","zuzka/t-online-scraper","Scrape news data from t-online.de with this unofficial API. Extract articles, monitor their popularity and performance and automate the fight against fake news. Filter the results by authors, topics, categories, or publication dates. Preview or download the results in your preferred format."
"https://apify.com/pintostudio/yahoo-finance-historical","Yahoo Finance Historical","pintostudio/yahoo-finance-historical","This Actor retrieves Yahoo Finance Historical data"
"https://apify.com/mshopik/colourpop-scraper","ColourPop Scraper","mshopik/colourpop-scraper","Scrape ColourPop and extract data on make-up and cosmetics from colourpop.com. Our ColourPop API lets you crawl product information and pricing. The saved data can be downloaded as HTML, JSON, CSV, Excel, and XML."
"https://apify.com/bhansalisoft/facebook-number-scraper","Facebook Number Scraper","bhansalisoft/facebook-number-scraper","Facebook Number Scraper- Scrap Number from Facebook specific profile using google search engine"
"https://apify.com/mshopik/organifi-scraper","Organifi Scraper","mshopik/organifi-scraper","Scrape Organifi and extract data on juice from organifishop.com. Our Organifi API lets you crawl product information and pricing. The saved data can be downloaded as HTML, JSON, CSV, Excel, and XML."
"https://apify.com/danek/facebook-pages-details-rental","Facebook Pages Details","danek/facebook-pages-details-rental","Scrap Facebook pages fast and easy. Extract all contact information and other details in no-time!"
"https://apify.com/mshopik/wwwvaporcom-scraper","www.vapor.com Scraper","mshopik/wwwvaporcom-scraper","Scrape www.vapor.com and extract data on smoking and vaping from vapor.com. Our www.vapor.com API lets you crawl product information and pricing. The saved data can be downloaded as HTML, JSON, CSV, Excel, and XML."
"https://apify.com/jupri/priceline-hotel-scraper","Priceline Hotel Scraper","jupri/priceline-hotel-scraper","Scrape Priceline.com Hotels"